"Status","Start Time","Stop Time","Duration in ms","Parent Suite","Suite","Sub Suite","Test Class","Test Method","Name","Description"
"passed","Thu Jun 24 09:01:15 CST 2021","Thu Jun 24 09:01:15 CST 2021","0","testcase","test_calculator","TestCalculator","","","测试加法:[1, 2, 3]",""
"passed","Thu Jun 24 09:01:15 CST 2021","Thu Jun 24 09:01:15 CST 2021","0","testcase","test_calculator","TestCalculator","","","测试加法:[-1, -2, -3]",""
"passed","Thu Jun 24 09:01:15 CST 2021","Thu Jun 24 09:01:15 CST 2021","0","testcase","test_calculator","TestCalculator","","","测试加法:[0, 0, 0]",""
"passed","Thu Jun 24 09:01:15 CST 2021","Thu Jun 24 09:01:15 CST 2021","0","testcase","test_calculator","TestCalculator","","","测试除法:[6, -2, -3]",""
"passed","Thu Jun 24 09:01:15 CST 2021","Thu Jun 24 09:01:15 CST 2021","0","testcase","test_calculator","TestCalculator","","","测试加法:[2, 3, 5]",""
"passed","Thu Jun 24 09:01:15 CST 2021","Thu Jun 24 09:01:15 CST 2021","0","testcase","test_calculator","TestCalculator","","","测试加法:[3.34, -3.2, 0.14]",""
"passed","Thu Jun 24 09:01:15 CST 2021","Thu Jun 24 09:01:15 CST 2021","0","testcase","test_calculator","TestCalculator","","","测试除法:[3, 0.1, 30]",""
"passed","Thu Jun 24 09:01:15 CST 2021","Thu Jun 24 09:01:15 CST 2021","0","testcase","test_calculator","TestCalculator","","","测试除法:[-3, -1.5, 2]",""
"passed","Thu Jun 24 09:01:15 CST 2021","Thu Jun 24 09:01:15 CST 2021","0","testcase","test_calculator","TestCalculator","","","测试加法:[0.005, 0.009, 0.014]",""
"passed","Thu Jun 24 09:01:15 CST 2021","Thu Jun 24 09:01:15 CST 2021","0","testcase","test_calculator","TestCalculator","","","测试除法:[2, 2, 1]",""
"passed","Thu Jun 24 09:01:15 CST 2021","Thu Jun 24 09:01:15 CST 2021","0","testcase","test_calculator","TestCalculator","","","测试加法:[1, -9, -8]",""
"passed","Thu Jun 24 09:01:15 CST 2021","Thu Jun 24 09:01:15 CST 2021","0","testcase","test_calculator","TestCalculator","","","测试加法:[0.2, 3, 3.2]",""
"passed","Thu Jun 24 09:01:15 CST 2021","Thu Jun 24 09:01:15 CST 2021","0","testcase","test_calculator","TestCalculator","","","测试加法:[-1, 0, -1]",""
"passed","Thu Jun 24 09:01:15 CST 2021","Thu Jun 24 09:01:15 CST 2021","0","testcase","test_calculator","TestCalculator","","","测试除法:[0.99, 0.33, 3]",""
"passed","Thu Jun 24 09:01:15 CST 2021","Thu Jun 24 09:01:15 CST 2021","0","testcase","test_calculator","TestCalculator","","","测试除法:[5, 0, 'divisor cannot be 0']",""
"passed","Thu Jun 24 09:01:15 CST 2021","Thu Jun 24 09:01:15 CST 2021","0","testcase","test_calculator","TestCalculator","","","测试除法:[2, 1, 2]",""
"passed","Thu Jun 24 09:01:15 CST 2021","Thu Jun 24 09:01:15 CST 2021","0","testcase","test_calculator","TestCalculator","","","测试加法:[0.13, 0.65, 0.78]",""
"passed","Thu Jun 24 09:01:15 CST 2021","Thu Jun 24 09:01:15 CST 2021","0","testcase","test_calculator","TestCalculator","","","测试除法:[0, 5, 0]",""
